{"stats":{"minecraft:mined":{"minecraft:light_blue_stained_glass_pane":2,"minecraft:crying_obsidian":1,"minecraft:tuff":52,"minecraft:deepslate_diamond_ore":18,"minecraft:mossy_stone_brick_slab":1,"minecraft:red_nether_bricks":4,"minecraft:obsidian":3,"minecraft:spruce_leaves":2,"minecraft:red_mushroom":6,"minecraft:moss_block":4,"minecraft:spawner":2,"minecraft:black_stained_glass_pane":3,"minecraft:raw_iron_block":1,"minecraft:furnace":2,"minecraft:cobbled_deepslate":4,"minecraft:iron_ore":77,"minecraft:andesite":44,"minecraft:pumpkin":10,"minecraft:moss_carpet":1,"minecraft:deepslate_lapis_ore":3,"minecraft:deepslate_iron_ore":57,"minecraft:light_gray_concrete":17,"minecraft:smooth_quartz_stairs":2,"minecraft:azalea":2,"minecraft:stone":84,"minecraft:player_head":1,"minecraft:redstone_wall_torch":1,"minecraft:tripwire":2,"minecraft:deepslate_redstone_ore":3,"minecraft:redstone_block":1,"minecraft:brown_mushroom":19,"minecraft:stone_brick_slab":1,"minecraft:chiseled_quartz_block":1,"minecraft:clay":4,"minecraft:crafting_table":2,"minecraft:torch":6,"minecraft:blast_furnace":3,"minecraft:calcite":1,"minecraft:polished_andesite_stairs":1,"minecraft:chest":1,"minecraft:glass":1,"minecraft:tall_grass":2,"minecraft:cobblestone":21,"minecraft:deepslate_coal_ore":1,"minecraft:deepslate_gold_ore":26,"minecraft:lapis_ore":2,"minecraft:oak_planks":2,"minecraft:wall_torch":3,"minecraft:big_dripleaf":1,"minecraft:stone_brick_stairs":2,"minecraft:smooth_stone_slab":4,"minecraft:grass":5,"minecraft:coal_ore":64,"minecraft:oak_log":7,"minecraft:gravel":9,"minecraft:smooth_quartz":9,"minecraft:sandstone_wall":1,"minecraft:stone_bricks":1,"minecraft:gold_ore":3,"minecraft:deepslate":62},"minecraft:dropped":{"minecraft:cooked_porkchop":2,"minecraft:leather":2,"minecraft:pumpkin":9,"minecraft:gravel":1,"minecraft:stone_axe":1,"minecraft:cobbled_deepslate":1,"minecraft:beetroot":6,"minecraft:rotten_flesh":9,"minecraft:azalea":2,"minecraft:arrow":2},"minecraft:killed":{"betternether:skull":1,"minecraft:spider":5,"minecraft:skeleton":24,"minecraft:magma_cube":5,"minecraft:husk":2,"minecraft:pig":4,"minecraft:sheep":1,"minecraft:zombie":12,"minecraft:cow":1},"minecraft:crafted":{"minecraft:oak_planks":60,"minecraft:furnace":2,"minecraft:stone_pickaxe":1,"minecraft:cooked_porkchop":9,"minecraft:crafting_table":6,"minecraft:wooden_pickaxe":1,"minecraft:stone_axe":1,"minecraft:air":0,"minecraft:diamond_pickaxe":1,"minecraft:stick":16,"minecraft:iron_ingot":5,"minecraft:iron_pickaxe":1,"minecraft:stone_sword":3,"minecraft:torch":12,"minecraft:shears":1},"minecraft:used":{"minecraft:beetroot":3,"minecraft:moss_block":1,"minecraft:stone_sword":389,"minecraft:tropical_fish":11,"minecraft:ladder":1,"minecraft:chest":1,"minecraft:rotten_flesh":9,"minecraft:torch":30,"minecraft:tuff":35,"minecraft:obsidian":2,"minecraft:stone_brick_slab":1,"minecraft:wooden_axe":28,"minecraft:smooth_quartz":1,"minecraft:stone_brick_stairs":2,"minecraft:bow":6,"minecraft:furnace":2,"minecraft:cobbled_deepslate":37,"minecraft:calcite":1,"minecraft:stone_pickaxe":129,"minecraft:red_nether_bricks":3,"minecraft:wooden_pickaxe":59,"minecraft:glow_berries":17,"minecraft:golden_apple":1,"minecraft:crafting_table":7,"minecraft:blast_furnace":1,"minecraft:chiseled_quartz_block":1,"minecraft:cake":3,"minecraft:diamond_pickaxe":149,"minecraft:light_gray_concrete":4,"minecraft:iron_pickaxe":253,"minecraft:gravel":7,"minecraft:stone_axe":10,"minecraft:potion":1,"minecraft:cobblestone":51,"minecraft:cooked_porkchop":7,"minecraft:andesite":8,"minecraft:smooth_stone_slab":2,"minecraft:pumpkin_pie":2,"minecraft:gray_wool":1},"minecraft:picked_up":{"minecraft:wooden_axe":1,"minecraft:crafting_table":2,"minecraft:redstone_block":1,"minecraft:ladder":1,"minecraft:clay_ball":12,"minecraft:brown_mushroom":19,"minecraft:stone_brick_stairs":2,"minecraft:string":7,"minecraft:moss_carpet":3,"minecraft:smooth_stone_slab":2,"minecraft:red_nether_bricks":3,"minecraft:beetroot":6,"minecraft:tnt_minecart":2,"minecraft:cobbled_deepslate":68,"minecraft:beef":2,"minecraft:calcite":1,"minecraft:player_head":1,"minecraft:azalea":2,"minecraft:smooth_quartz":9,"minecraft:chest":1,"minecraft:furnace":2,"minecraft:raw_iron":131,"minecraft:big_dripleaf":2,"minecraft:torch":9,"minecraft:sandstone_wall":1,"minecraft:porkchop":9,"minecraft:redstone":14,"minecraft:arrow":33,"minecraft:rotten_flesh":18,"minecraft:tropical_fish":11,"minecraft:obsidian":2,"minecraft:glow_berries":15,"minecraft:mutton":1,"minecraft:white_wool":2,"minecraft:cobblestone":106,"minecraft:andesite":43,"minecraft:leather":4,"minecraft:chiseled_quartz_block":1,"minecraft:red_mushroom":6,"minecraft:potato":1,"minecraft:flint":1,"minecraft:tuff":35,"minecraft:oak_log":15,"minecraft:lapis_lazuli":29,"minecraft:bone":30,"minecraft:bow":1,"minecraft:raw_gold":29,"minecraft:moss_block":3,"minecraft:oak_planks":2,"minecraft:polished_andesite_stairs":1,"minecraft:pumpkin":9,"minecraft:sweet_berries":3,"minecraft:stone_brick_slab":1,"minecraft:raw_iron_block":1,"minecraft:gravel":12,"minecraft:blast_furnace":3,"minecraft:light_gray_concrete":15,"minecraft:diamond":22,"minecraft:gray_wool":2,"minecraft:golden_apple":1,"minecraft:coal":64},"minecraft:custom":{"minecraft:mob_kills":59,"minecraft:interact_with_crafting_table":11,"minecraft:open_barrel":12,"minecraft:eat_cake_slice":9,"minecraft:leave_game":1,"minecraft:time_since_death":4650,"minecraft:climb_one_cm":11432,"minecraft:sprint_one_cm":185618,"minecraft:walk_one_cm":328372,"minecraft:drop":13,"minecraft:play_time":113912,"minecraft:deaths":11,"minecraft:sneak_time":25357,"minecraft:walk_under_water_one_cm":11112,"minecraft:jump":1952,"minecraft:interact_with_blast_furnace":4,"minecraft:walk_on_water_one_cm":21361,"minecraft:total_world_time":113912,"minecraft:interact_with_furnace":18,"minecraft:time_since_rest":4685,"minecraft:damage_taken":4690,"minecraft:damage_absorbed":40,"minecraft:damage_dealt":10491,"minecraft:player_kills":1,"minecraft:swim_one_cm":7610,"minecraft:fly_one_cm":300223,"minecraft:open_chest":8,"minecraft:crouch_one_cm":62754,"minecraft:fall_one_cm":62567,"minecraft:inspect_dispenser":2},"minecraft:killed_by":{"minecraft:husk":1,"minecraft:player":2,"minecraft:skeleton":4},"minecraft:broken":{"minecraft:stone_sword":3,"minecraft:wooden_pickaxe":1,"minecraft:stone_pickaxe":1,"minecraft:iron_pickaxe":1}},"DataVersion":3465}