{"stats":{"minecraft:killed_by":{"minecraft:player":3,"minecraft:skeleton":12,"minecraft:spider":1,"minecraft:zombie":1},"minecraft:crafted":{"minecraft:oak_planks":56,"minecraft:crafting_table":3,"minecraft:wooden_pickaxe":1,"minecraft:iron_helmet":1,"minecraft:iron_sword":1,"minecraft:furnace":1,"minecraft:air":0,"minecraft:iron_chestplate":1,"minecraft:diamond_pickaxe":1,"minecraft:iron_axe":1,"minecraft:stick":20,"minecraft:iron_ingot":1,"minecraft:chest":1,"minecraft:iron_leggings":1,"minecraft:torch":48},"minecraft:used":{"minecraft:peony":1,"minecraft:flint_and_steel":1,"minecraft:chest":1,"minecraft:spruce_planks":10,"minecraft:wooden_pickaxe":11,"minecraft:iron_sword":59,"minecraft:torch":6,"minecraft:dirt":1,"minecraft:crafting_table":3,"minecraft:spruce_stairs":2,"minecraft:oak_log":2,"minecraft:diamond_pickaxe":87,"minecraft:spruce_wood":1,"minecraft:iron_axe":3,"minecraft:iron_helmet":1,"minecraft:dark_oak_slab":2,"minecraft:cobblestone":2,"minecraft:beef":4,"minecraft:mangrove_roots":1,"minecraft:furnace":1},"minecraft:killed":{"minecraft:skeleton":2,"minecraft:zombie":1,"minecraft:silverfish":2,"minecraft:player":1,"minecraft:cow":3},"minecraft:picked_up":{"minecraft:feather":14,"minecraft:leather":2,"minecraft:wooden_pickaxe":1,"minecraft:potato":3,"minecraft:flint":6,"minecraft:oak_log":19,"minecraft:gunpowder":15,"minecraft:lapis_lazuli":31,"minecraft:dirt":1,"minecraft:oak_trapdoor":10,"minecraft:moss_carpet":1,"minecraft:raw_copper":44,"minecraft:flint_and_steel":1,"minecraft:bone":2,"minecraft:blackstone":3,"minecraft:iron_ingot":2,"minecraft:spruce_planks":21,"minecraft:spruce_wood":6,"minecraft:beef":5,"minecraft:cobweb":3,"minecraft:player_head":1,"minecraft:spruce_slab":4,"minecraft:sugar_cane":5,"minecraft:melon_slice":13,"minecraft:coal_block":5,"minecraft:iron_sword":2,"minecraft:dark_oak_stairs":11,"minecraft:raw_iron":3,"minecraft:dark_oak_slab":38,"minecraft:big_dripleaf":1,"minecraft:oak_fence":3,"minecraft:spruce_stairs":19,"minecraft:barrel":3,"minecraft:dark_oak_planks":2,"minecraft:arrow":1,"minecraft:diamond":6,"minecraft:peony":1,"minecraft:iron_helmet":1,"minecraft:mangrove_roots":1,"gravestones:gravestone":17,"minecraft:coal":14,"minecraft:iron_bars":2,"minecraft:cobblestone":49},"minecraft:mined":{"gravestones:gravestone":13,"minecraft:spruce_planks":7,"minecraft:blackstone":3,"minecraft:deepslate_diamond_ore":1,"minecraft:mangrove_roots":1,"minecraft:grass_block":1,"minecraft:melon":4,"minecraft:dead_bush":1,"minecraft:copper_ore":12,"minecraft:sugar_cane":2,"minecraft:big_dripleaf":1,"minecraft:spawner":1,"minecraft:large_fern":1,"minecraft:spruce_stairs":1,"minecraft:iron_ore":5,"minecraft:fire":5,"minecraft:moss_carpet":1,"minecraft:deepslate_lapis_ore":5,"minecraft:grass":9,"minecraft:coal_ore":14,"minecraft:oak_log":16,"minecraft:gravel":1,"minecraft:dirt":1,"minecraft:spruce_wood":1,"minecraft:stone":54,"minecraft:oak_leaves":1,"minecraft:fern":3},"minecraft:dropped":{"minecraft:iron_sword":1,"minecraft:big_dripleaf":1,"minecraft:potato":3,"minecraft:wooden_pickaxe":1},"minecraft:custom":{"minecraft:interact_with_furnace":3,"minecraft:mob_kills":8,"minecraft:interact_with_crafting_table":8,"minecraft:open_barrel":8,"minecraft:leave_game":4,"minecraft:time_since_death":3366,"minecraft:climb_one_cm":1784,"minecraft:time_since_rest":7140,"minecraft:sprint_one_cm":88234,"minecraft:damage_taken":6439,"minecraft:walk_one_cm":100028,"minecraft:drop":6,"minecraft:damage_dealt":3341,"minecraft:swim_one_cm":60003,"minecraft:fly_one_cm":136189,"minecraft:player_kills":1,"minecraft:open_chest":10,"minecraft:crouch_one_cm":23941,"minecraft:play_time":69691,"minecraft:deaths":20,"minecraft:sneak_time":7433,"minecraft:walk_under_water_one_cm":45419,"minecraft:boat_one_cm":14233,"minecraft:jump":771,"minecraft:walk_on_water_one_cm":44558,"minecraft:total_world_time":69691,"minecraft:fall_one_cm":42142}},"DataVersion":3465}