{"stats":{"minecraft:mined":{"minecraft:dark_oak_planks":9,"minecraft:diamond_ore":2,"minecraft:crying_obsidian":1,"minecraft:spruce_planks":18,"minecraft:deepslate_diamond_ore":3,"minecraft:obsidian":1,"minecraft:ladder":1,"minecraft:glow_lichen":1,"minecraft:cave_vines_plant":2,"minecraft:grass_block":5,"minecraft:moss_block":28,"minecraft:magma_block":12,"minecraft:redstone_ore":3,"minecraft:furnace":1,"minecraft:dark_oak_trapdoor":1,"minecraft:iron_ore":3,"minecraft:cobbled_deepslate":1,"minecraft:andesite":41,"minecraft:moss_carpet":3,"minecraft:deepslate_lapis_ore":6,"minecraft:cave_vines":4,"minecraft:deepslate_iron_ore":11,"minecraft:azalea":1,"minecraft:stone":83,"minecraft:player_head":1,"minecraft:spruce_slab":3,"minecraft:tripwire":1,"minecraft:green_bed":1,"gravestones:gravestone":4,"minecraft:mangrove_stairs":1,"minecraft:brown_mushroom":1,"minecraft:clay":1,"minecraft:crafting_table":1,"minecraft:torch":3,"minecraft:poppy":1,"minecraft:chest":1,"minecraft:tall_grass":2,"minecraft:cobblestone":17,"minecraft:deepslate_gold_ore":2,"minecraft:oak_planks":2,"minecraft:wall_torch":4,"minecraft:big_dripleaf":1,"minecraft:spruce_stairs":1,"minecraft:grass":11,"minecraft:oak_log":38,"minecraft:coal_ore":13,"minecraft:gravel":13,"minecraft:dirt":11,"minecraft:netherrack":1,"minecraft:gold_ore":2,"minecraft:piston":3,"minecraft:oak_leaves":6,"minecraft:deepslate":40},"minecraft:killed":{"minecraft:spider":2,"naturalist:boar":2,"minecraft:magma_cube":1,"minecraft:husk":3,"minecraft:sheep":2,"minecraft:zombie":8,"minecraft:player":1},"minecraft:dropped":{"minecraft:glow_berries":14,"minecraft:gray_wool":1,"minecraft:wooden_axe":1,"minecraft:wooden_sword":1,"minecraft:rotten_flesh":1,"minecraft:oak_planks":1,"minecraft:big_dripleaf":1,"minecraft:diamond_pickaxe":1,"minecraft:azalea":2,"minecraft:stone_pickaxe":1},"minecraft:crafted":{"minecraft:wooden_sword":1,"minecraft:oak_planks":144,"minecraft:cooked_chicken":2,"minecraft:furnace":1,"minecraft:stone_pickaxe":1,"minecraft:cooked_porkchop":1,"minecraft:crafting_table":3,"minecraft:stone_axe":1,"minecraft:air":0,"minecraft:shield":1,"minecraft:stick":16,"minecraft:iron_ingot":3,"minecraft:iron_pickaxe":1,"minecraft:wooden_axe":2},"minecraft:used":{"minecraft:moss_block":34,"minecraft:moss_carpet":1,"minecraft:iron_shovel":12,"minecraft:spruce_slab":4,"minecraft:spruce_planks":13,"minecraft:shield":14,"minecraft:cooked_chicken":2,"minecraft:netherrack":1,"minecraft:torch":7,"minecraft:dirt":16,"minecraft:mutton":1,"minecraft:golden_chestplate":1,"minecraft:obsidian":4,"minecraft:birch_door":1,"minecraft:wooden_axe":44,"minecraft:dark_oak_planks":2,"minecraft:mangrove_stairs":1,"gravestones:gravestone":3,"minecraft:tripwire_hook":1,"minecraft:redstone_lamp":3,"minecraft:magma_block":11,"minecraft:furnace":1,"minecraft:cobbled_deepslate":30,"minecraft:stone_pickaxe":115,"minecraft:oak_planks":60,"minecraft:brown_mushroom":1,"minecraft:green_bed":1,"minecraft:salmon":1,"minecraft:glow_berries":53,"minecraft:crafting_table":3,"minecraft:piston":10,"minecraft:diamond_pickaxe":3,"minecraft:crying_obsidian":1,"minecraft:iron_pickaxe":153,"minecraft:gravel":5,"minecraft:stone_axe":96,"minecraft:cobblestone":57,"minecraft:porkchop":4,"minecraft:cooked_porkchop":1,"minecraft:andesite":39},"minecraft:picked_up":{"minecraft:wooden_axe":1,"minecraft:crafting_table":1,"minecraft:birch_door":1,"minecraft:chest_minecart":1,"minecraft:redstone_lamp":3,"minecraft:brown_mushroom":1,"minecraft:string":2,"minecraft:moss_carpet":5,"minecraft:cobbled_deepslate":36,"minecraft:comparator":5,"minecraft:spruce_planks":14,"minecraft:smooth_quartz":1,"minecraft:player_head":1,"minecraft:azalea":3,"minecraft:poppy":1,"minecraft:spruce_slab":5,"minecraft:piston":4,"minecraft:furnace":1,"minecraft:raw_iron":14,"minecraft:big_dripleaf":1,"minecraft:green_bed":1,"minecraft:torch":7,"minecraft:porkchop":5,"minecraft:redstone":33,"minecraft:dark_oak_planks":6,"minecraft:arrow":2,"minecraft:mangrove_stairs":1,"minecraft:rotten_flesh":6,"minecraft:obsidian":2,"gravestones:gravestone":4,"minecraft:glow_berries":63,"minecraft:mutton":1,"minecraft:white_wool":1,"minecraft:rail":5,"minecraft:cobblestone":97,"minecraft:magma_block":11,"minecraft:feather":6,"minecraft:salmon":1,"minecraft:tripwire_hook":1,"minecraft:andesite":39,"minecraft:leather":2,"minecraft:flint":2,"minecraft:oak_log":36,"naturalist:lizard_tail":1,"minecraft:lapis_lazuli":34,"minecraft:dirt":16,"minecraft:bone":4,"minecraft:wheat_seeds":4,"minecraft:raw_gold":4,"minecraft:stone_pickaxe":1,"minecraft:iron_ingot":1,"minecraft:powered_rail":4,"minecraft:moss_block":24,"naturalist:snail_shell":2,"minecraft:oak_planks":2,"minecraft:gravel":5,"minecraft:crying_obsidian":1,"minecraft:pumpkin_seeds":3,"minecraft:slime_ball":2,"minecraft:diamond":5,"minecraft:stone_axe":1,"minecraft:golden_apple":1,"minecraft:gray_wool":1,"minecraft:warped_roots":1,"minecraft:oak_sapling":1,"minecraft:netherrack":1,"minecraft:coal":37,"minecraft:diamond_pickaxe":1},"minecraft:custom":{"minecraft:mob_kills":18,"minecraft:interact_with_crafting_table":13,"minecraft:open_barrel":14,"minecraft:leave_game":1,"minecraft:time_since_death":3491,"minecraft:climb_one_cm":24775,"minecraft:sprint_one_cm":271189,"minecraft:walk_one_cm":258120,"minecraft:damage_blocked_by_shield":245,"minecraft:drop":12,"minecraft:sneak_time":7807,"minecraft:play_time":114848,"minecraft:deaths":14,"minecraft:walk_under_water_one_cm":5775,"minecraft:jump":2398,"minecraft:interact_with_blast_furnace":1,"minecraft:walk_on_water_one_cm":13629,"minecraft:total_world_time":114848,"minecraft:interact_with_furnace":15,"minecraft:tune_noteblock":1,"minecraft:time_since_rest":3513,"minecraft:damage_taken":5075,"minecraft:damage_dealt":4723,"minecraft:swim_one_cm":34771,"minecraft:player_kills":3,"minecraft:fly_one_cm":343619,"minecraft:open_chest":22,"minecraft:crouch_one_cm":25938,"minecraft:fall_one_cm":85269,"minecraft:inspect_dispenser":2},"minecraft:killed_by":{"minecraft:husk":3,"minecraft:player":1,"minecraft:spider":1,"minecraft:skeleton":2,"naturalist:bear":1},"minecraft:broken":{"minecraft:wooden_axe":2}},"DataVersion":3465}