{"stats":{"minecraft:killed_by":{"minecraft:player":3,"minecraft:skeleton":10,"minecraft:drowned":2,"mythicmounts:dragon":1},"minecraft:crafted":{"minecraft:oak_planks":40,"minecraft:wooden_pickaxe":1,"minecraft:stone_axe":1,"minecraft:air":0,"minecraft:shield":1,"minecraft:stick":8,"minecraft:stone_pickaxe":1,"minecraft:iron_ingot":2,"minecraft:stone_sword":1,"minecraft:honeycomb_block":1},"minecraft:used":{"minecraft:dark_oak_stairs":2,"minecraft:stone_sword":11,"minecraft:flint_and_steel":21,"minecraft:spruce_slab":4,"minecraft:stone_pickaxe":18,"minecraft:oak_planks":26,"minecraft:blackstone":37,"minecraft:spruce_planks":5,"minecraft:wooden_pickaxe":10,"minecraft:player_head":4,"minecraft:iron_chestplate":1,"minecraft:salmon":2,"minecraft:torch":2,"minecraft:dirt":4,"minecraft:mutton":3,"minecraft:tnt":4,"minecraft:red_bed":2,"minecraft:spruce_stairs":8,"minecraft:azure_bluet":1,"minecraft:oak_log":1,"minecraft:cornflower":1,"minecraft:spruce_wood":6,"gravestones:gravestone":12,"minecraft:iron_pickaxe":91,"minecraft:dark_oak_slab":8,"minecraft:oak_pressure_plate":1,"minecraft:smooth_basalt":2,"minecraft:lilac":1,"minecraft:golden_helmet":1,"minecraft:stone_axe":26,"minecraft:magma_block":3,"minecraft:honeycomb_block":1,"minecraft:cobblestone":34,"minecraft:potato":4,"minecraft:iron_leggings":1},"minecraft:killed":{"minecraft:spider":4,"minecraft:creeper":2,"minecraft:skeleton":4,"minecraft:zombie":2,"minecraft:silverfish":3},"minecraft:picked_up":{"minecraft:magma_block":3,"minecraft:iron_chestplate":1,"minecraft:lilac":1,"minecraft:azure_bluet":1,"minecraft:feather":9,"minecraft:ladder":1,"minecraft:tripwire_hook":1,"minecraft:andesite":4,"minecraft:potato":7,"minecraft:oak_log":14,"minecraft:shield":1,"minecraft:gunpowder":26,"minecraft:lapis_lazuli":35,"minecraft:oak_trapdoor":10,"minecraft:cornflower":1,"minecraft:dirt":20,"minecraft:string":6,"minecraft:red_bed":4,"minecraft:flint_and_steel":1,"minecraft:iron_leggings":1,"naturalist:bass":1,"minecraft:bone":7,"minecraft:blackstone":37,"minecraft:wheat_seeds":7,"minecraft:raw_gold":3,"minecraft:spruce_planks":11,"minecraft:spruce_wood":10,"minecraft:beef":5,"minecraft:cobweb":9,"minecraft:player_head":4,"minecraft:iron_pickaxe":1,"minecraft:oak_planks":3,"minecraft:spruce_slab":13,"minecraft:sugar_cane":1,"minecraft:melon_slice":13,"minecraft:coal_block":5,"minecraft:honeycomb":5,"minecraft:iron_sword":1,"minecraft:dark_oak_stairs":2,"minecraft:raw_iron":13,"minecraft:stick":6,"minecraft:smooth_basalt":3,"minecraft:dark_oak_slab":41,"minecraft:stone":1,"minecraft:big_dripleaf":1,"minecraft:oak_fence":3,"minecraft:torch":3,"minecraft:oak_pressure_plate":1,"minecraft:spruce_stairs":13,"minecraft:honeycomb_block":1,"minecraft:redstone":17,"minecraft:spider_eye":2,"minecraft:barrel":3,"minecraft:rotten_flesh":3,"minecraft:arrow":3,"minecraft:cooked_cod":1,"minecraft:diamond":6,"minecraft:pink_tulip":1,"minecraft:oak_sapling":4,"gravestones:gravestone":17,"minecraft:mutton":5,"minecraft:iron_bars":2,"minecraft:cobblestone":39},"minecraft:custom":{"minecraft:interact_with_furnace":2,"minecraft:mob_kills":15,"minecraft:interact_with_crafting_table":8,"minecraft:open_barrel":8,"minecraft:leave_game":2,"minecraft:time_since_death":7506,"minecraft:sleep_in_bed":2,"minecraft:climb_one_cm":2719,"minecraft:time_since_rest":7552,"minecraft:sprint_one_cm":164904,"minecraft:damage_taken":6372,"minecraft:walk_one_cm":181629,"minecraft:drop":7,"minecraft:damage_dealt":2924,"minecraft:swim_one_cm":20570,"minecraft:fly_one_cm":259563,"minecraft:player_kills":2,"minecraft:open_chest":2,"minecraft:crouch_one_cm":14415,"minecraft:play_time":71782,"minecraft:deaths":21,"minecraft:sneak_time":6077,"minecraft:walk_under_water_one_cm":49417,"minecraft:boat_one_cm":60042,"minecraft:jump":1958,"minecraft:walk_on_water_one_cm":41036,"minecraft:total_world_time":71782,"minecraft:fall_one_cm":66275},"minecraft:dropped":{"minecraft:iron_ingot":1,"minecraft:raw_iron":5,"minecraft:stick":6,"minecraft:shield":1,"minecraft:wooden_pickaxe":1},"minecraft:mined":{"minecraft:deepslate_redstone_ore":5,"gravestones:gravestone":6,"minecraft:spruce_planks":4,"minecraft:red_bed":5,"minecraft:blackstone":39,"minecraft:deepslate_diamond_ore":4,"minecraft:player_wall_head":1,"minecraft:torch":1,"minecraft:cornflower":1,"minecraft:grass_block":4,"minecraft:oak_pressure_plate":1,"minecraft:tall_grass":3,"minecraft:lapis_ore":6,"minecraft:honeycomb_block":1,"minecraft:deepslate_gold_ore":3,"minecraft:oak_planks":3,"minecraft:wall_torch":1,"minecraft:large_fern":8,"minecraft:magma_block":2,"minecraft:dark_oak_slab":5,"minecraft:fire":26,"minecraft:lilac":1,"minecraft:azure_bluet":2,"minecraft:peony":1,"minecraft:dark_oak_stairs":3,"minecraft:grass":32,"minecraft:oak_log":10,"minecraft:deepslate_iron_ore":13,"minecraft:dirt":1,"minecraft:smooth_basalt":1,"minecraft:tripwire_hook":1,"minecraft:stone":39,"minecraft:oak_leaves":2,"minecraft:fern":1}},"DataVersion":3465}