{"stats":{"minecraft:mined":{"minecraft:spruce_planks":4,"minecraft:deepslate_diamond_ore":4,"minecraft:acacia_log":2,"minecraft:grass_block":4,"minecraft:oak_pressure_plate":1,"minecraft:large_fern":8,"minecraft:magma_block":2,"minecraft:glowstone":1,"minecraft:fire":31,"minecraft:azure_bluet":2,"minecraft:peony":1,"minecraft:dark_oak_stairs":3,"ad_astra:moon_pillar":3,"minecraft:deepslate_iron_ore":13,"minecraft:stone":42,"minecraft:deepslate_redstone_ore":5,"gravestones:gravestone":6,"minecraft:acacia_leaves":4,"minecraft:red_bed":5,"minecraft:blackstone":39,"minecraft:player_wall_head":1,"minecraft:cornflower":1,"minecraft:torch":1,"minecraft:dead_bush":1,"minecraft:tall_grass":24,"minecraft:honeycomb_block":1,"minecraft:deepslate_gold_ore":3,"minecraft:lapis_ore":6,"minecraft:oak_planks":3,"minecraft:wall_torch":1,"minecraft:dark_oak_slab":5,"minecraft:tinted_glass":1,"minecraft:lilac":1,"minecraft:tnt":1,"minecraft:grass":70,"minecraft:oak_log":10,"minecraft:dirt":1,"minecraft:smooth_basalt":1,"minecraft:tripwire_hook":1,"minecraft:oak_leaves":4,"minecraft:fern":2},"minecraft:killed":{"minecraft:spider":5,"betternether:firefly":3,"minecraft:skeleton":7,"minecraft:chicken":1,"minecraft:silverfish":3,"naturalist:dragonfly":1,"ad_astra:corrupted_lunarian":2,"endermanoverhaul:end_enderman":1,"mythicmounts:griffon":3,"minecraft:creeper":2,"ad_astra:lunarian":3,"naturalist:alligator":1,"minecraft:zombie":11,"minecraft:player":2},"minecraft:crafted":{"minecraft:oak_planks":40,"minecraft:stone_pickaxe":1,"minecraft:honeycomb_block":1,"minecraft:wooden_pickaxe":1,"minecraft:stone_axe":1,"minecraft:air":0,"minecraft:shield":1,"minecraft:stick":8,"minecraft:iron_ingot":2,"minecraft:stone_sword":1},"minecraft:dropped":{"minecraft:iron_ingot":1,"minecraft:lapis_lazuli":35,"endermanoverhaul:crimson_forest_enderman_spawn_egg":57,"naturalist:dragonfly_spawn_egg":1,"ad_astra:space_pants":1,"minecraft:cobblestone":14,"ad_astra:space_boots":1,"minecraft:honeycomb":1,"naturalist:caterpillar_spawn_egg":1,"minecraft:coal":3,"minecraft:stick":6,"minecraft:dirt":53,"betternether:spawn_egg_skull":1,"creeperoverhaul:jungle_creeper_spawn_egg":1,"minecraft:iron_pickaxe":1,"minecraft:bone":3,"betternether:spawn_egg_flying_pig":1,"minecraft:stone_axe":1,"minecraft:stone_sword":1,"betternether:spawn_egg_jungle_skeleton":1,"minecraft:raw_iron":5,"minecraft:glowstone_dust":2,"creeperoverhaul:desert_creeper_spawn_egg":1,"naturalist:sparrow_spawn_egg":64,"naturalist:finch_spawn_egg":2,"naturalist:canary_spawn_egg":1,"minecraft:shield":1,"ad_astra:space_suit":1,"betternether:spawn_egg_naga":1,"betternether:spawn_egg_hydrogen_jellyfish":1,"betternether:spawn_egg_firefly":1,"naturalist:robin_spawn_egg":1,"naturalist:lion_spawn_egg":1,"minecraft:beef":2,"minecraft:wooden_pickaxe":1,"ad_astra:space_helmet":1,"creeperoverhaul:bamboo_creeper_spawn_egg":1},"minecraft:used":{"creeperoverhaul:jungle_creeper_spawn_egg":1,"naturalist:lizard_spawn_egg":1,"minecraft:stone_sword":21,"naturalist:finch_spawn_egg":2,"naturalist:robin_spawn_egg":1,"minecraft:flint_and_steel":64,"minecraft:spruce_slab":4,"naturalist:catfish_spawn_egg":1,"ad_astra:moon_cobblestone":1,"minecraft:oak_sign":11,"minecraft:spruce_planks":5,"minecraft:player_head":4,"minecraft:iron_chestplate":1,"betternether:spawn_egg_naga":3,"minecraft:torch":3,"naturalist:duck_spawn_egg":1,"minecraft:dirt":124,"minecraft:mutton":3,"naturalist:bass_spawn_egg":1,"minecraft:spruce_stairs":8,"minecraft:acacia_sapling":2,"minecraft:azure_bluet":1,"naturalist:cardinal_spawn_egg":2,"minecraft:spruce_wood":6,"gravestones:gravestone":12,"ad_astra:space_suit":1,"mutantmonsters:creeper_shard":126,"minecraft:dark_oak_slab":8,"minecraft:smooth_basalt":2,"minecraft:glowstone":56,"minecraft:honeycomb_block":1,"minecraft:magma_block":3,"ad_astra:space_helmet":1,"ad_astra:space_boots":1,"betternether:spawn_egg_firefly":10,"naturalist:hippo_spawn_egg":1,"minecraft:potato":4,"minecraft:enchanted_golden_apple":22,"minecraft:iron_leggings":1,"naturalist:dragonfly_spawn_egg":1,"minecraft:water_bucket":14,"minecraft:dark_oak_stairs":2,"naturalist:bluejay_spawn_egg":1,"endermanoverhaul:crimson_forest_enderman_spawn_egg":7,"endermanoverhaul:cave_enderman_spawn_egg":12,"minecraft:stone_pickaxe":18,"minecraft:oak_planks":26,"minecraft:blackstone":37,"naturalist:canary_spawn_egg":1,"mutantmonsters:endersoul_hand":91,"minecraft:wooden_pickaxe":10,"naturalist:caterpillar_spawn_egg":2,"creeperoverhaul:desert_creeper_spawn_egg":2,"creeperoverhaul:bamboo_creeper_spawn_egg":1,"endermanoverhaul:crimson_pearl":1,"naturalist:duck_egg":1,"minecraft:smooth_quartz_stairs":4,"naturalist:tortoise_spawn_egg":1,"minecraft:salmon":2,"betternether:spawn_egg_jungle_skeleton":2,"naturalist:vulture_spawn_egg":1,"minecraft:tnt":4,"minecraft:red_bed":3,"minecraft:oak_log":1,"minecraft:cornflower":1,"naturalist:sparrow_spawn_egg":1,"betternether:spawn_egg_flying_pig":2,"endermanoverhaul:desert_enderman_spawn_egg":6,"betternether:spawn_egg_hydrogen_jellyfish":2,"minecraft:iron_pickaxe":91,"ad_astra:launch_pad":1,"betternether:spawn_egg_skull":28,"minecraft:oak_pressure_plate":1,"betternether:nether_ruby_sword":151,"ad_astra:iron_pillar":32,"minecraft:lilac":1,"minecraft:golden_helmet":1,"minecraft:stone_axe":29,"naturalist:lion_spawn_egg":1,"naturalist:alligator_spawn_egg":1,"minecraft:cobblestone":100,"endermanoverhaul:corrupted_pearl":1,"betternether:nether_ruby_pickaxe":8,"minecraft:bucket":4,"naturalist:boar_spawn_egg":1},"minecraft:killed_by":{"mutantmonsters:mutant_zombie":3,"minecraft:player":7,"minecraft:drowned":2,"minecraft:skeleton":10,"mythicmounts:dragon":1},"minecraft:picked_up":{"ad_astra:space_suit":2,"minecraft:iron_chestplate":1,"minecraft:azure_bluet":1,"minecraft:nether_wart":6,"minecraft:ladder":1,"ad_astra:moon_pillar":3,"minecraft:shield":1,"minecraft:cornflower":1,"endermanoverhaul:desert_enderman_spawn_egg":64,"minecraft:oak_trapdoor":10,"minecraft:string":7,"minecraft:red_bed":4,"minecraft:raw_copper":2,"minecraft:flint_and_steel":1,"minecraft:iron_leggings":1,"minecraft:oak_sign":3,"minecraft:blackstone":37,"minecraft:spruce_planks":11,"minecraft:beef":5,"ad_astra:moon_cobblestone":1,"minecraft:tinted_glass":1,"minecraft:enchanted_golden_apple":64,"ad_astra:iron_pillar":32,"minecraft:player_head":4,"minecraft:iron_pickaxe":1,"minecraft:spruce_slab":13,"minecraft:sugar_cane":1,"minecraft:melon_slice":13,"minecraft:coal_block":5,"minecraft:smooth_quartz_stairs":4,"minecraft:stick":6,"minecraft:raw_iron":15,"minecraft:stone":1,"minecraft:big_dripleaf":1,"minecraft:oak_fence":3,"minecraft:torch":3,"minecraft:acacia_log":2,"minecraft:spruce_stairs":13,"minecraft:honeycomb_block":1,"minecraft:redstone":17,"ad_astra:space_boots":2,"ad_astra:large_gas_tank":1,"mutantmonsters:creeper_shard":1,"minecraft:arrow":7,"minecraft:rotten_flesh":12,"minecraft:cooked_cod":1,"naturalist:bluejay_spawn_egg":1,"minecraft:pink_tulip":1,"gravestones:gravestone":17,"minecraft:mutton":5,"minecraft:iron_bars":2,"minecraft:cobblestone":300,"minecraft:magma_block":3,"minecraft:feather":9,"minecraft:lilac":1,"minecraft:tripwire_hook":1,"minecraft:andesite":4,"endermanoverhaul:corrupted_pearl":1,"minecraft:potato":7,"minecraft:oak_log":14,"minecraft:gunpowder":40,"minecraft:lapis_lazuli":35,"minecraft:dirt":211,"naturalist:bass":1,"minecraft:bone":11,"ad_astra:gas_tank":1,"minecraft:wheat_seeds":33,"ad_astra:launch_pad":1,"minecraft:raw_gold":3,"minecraft:spruce_wood":10,"minecraft:cobweb":9,"minecraft:glowstone_dust":6,"minecraft:acacia_sapling":4,"minecraft:iron_sword":1,"minecraft:honeycomb":5,"minecraft:oak_planks":3,"minecraft:dark_oak_stairs":2,"endermanoverhaul:crimson_forest_enderman_spawn_egg":64,"minecraft:smooth_basalt":3,"minecraft:dark_oak_slab":41,"betternether:nether_ruby_pickaxe":1,"patchouli:guide_book":1,"ad_astra:cheese":2,"minecraft:oak_pressure_plate":1,"minecraft:gravel":11,"ad_astra:space_pants":2,"endermanoverhaul:cave_enderman_spawn_egg":64,"ad_astra:space_helmet":2,"naturalist:duck_egg":1,"minecraft:spider_eye":2,"minecraft:barrel":3,"minecraft:diamond":6,"mutantmonsters:endersoul_hand":1,"endermanoverhaul:crimson_pearl":1,"betternether:nether_ruby_sword":1,"minecraft:oak_sapling":7,"minecraft:oak_leaves":1,"minecraft:coal":3},"minecraft:custom":{"minecraft:mob_kills":44,"minecraft:interact_with_crafting_table":8,"minecraft:open_barrel":8,"minecraft:bell_ring":1,"minecraft:leave_game":3,"minecraft:time_since_death":11714,"minecraft:climb_one_cm":5124,"minecraft:damage_resisted":16235,"minecraft:sprint_one_cm":269161,"minecraft:walk_one_cm":296122,"minecraft:drop":41,"minecraft:talked_to_villager":42,"minecraft:play_time":152225,"minecraft:walk_under_water_one_cm":54448,"minecraft:deaths":33,"minecraft:sneak_time":8191,"minecraft:boat_one_cm":60042,"minecraft:jump":3318,"minecraft:walk_on_water_one_cm":59289,"minecraft:total_world_time":152225,"minecraft:interact_with_furnace":2,"minecraft:sleep_in_bed":3,"minecraft:time_since_rest":11736,"minecraft:damage_taken":12042,"minecraft:damage_absorbed":2607,"minecraft:damage_dealt":8537,"minecraft:swim_one_cm":25771,"minecraft:fly_one_cm":660131,"minecraft:player_kills":3,"minecraft:open_chest":10,"minecraft:crouch_one_cm":17689,"minecraft:fall_one_cm":198048},"minecraft:broken":{"minecraft:iron_chestplate":1,"minecraft:iron_leggings":1}},"DataVersion":3465}