{"stats":{"minecraft:mined":{"minecraft:tuff":2,"minecraft:deepslate_diamond_ore":19,"minecraft:obsidian":3,"minecraft:grass_block":1,"minecraft:spawner":1,"minecraft:magma_block":2,"minecraft:furnace":1,"minecraft:barrel":1,"minecraft:fire":18,"minecraft:andesite":4,"minecraft:deepslate_iron_ore":23,"minecraft:stone":22,"minecraft:deepslate_redstone_ore":2,"gravestones:gravestone":9,"minecraft:blackstone":47,"minecraft:crafting_table":2,"minecraft:melon":2,"minecraft:tall_grass":18,"minecraft:cobblestone":4,"minecraft:lily_pad":1,"minecraft:sugar_cane":5,"minecraft:dark_oak_slab":1,"minecraft:birch_log":4,"minecraft:spruce_log":2,"minecraft:birch_leaves":2,"minecraft:grass":29,"minecraft:oak_log":10,"minecraft:coal_ore":2,"minecraft:oak_leaves":4,"minecraft:fern":4},"minecraft:killed_by":{"minecraft:spider":1,"minecraft:drowned":2,"minecraft:skeleton":8,"naturalist:bear":1},"minecraft:dropped":{"minecraft:iron_ingot":2,"minecraft:iron_sword":1,"minecraft:wheat_seeds":4,"minecraft:diamond":4,"minecraft:dark_oak_slab":1,"minecraft:oak_fence":3,"minecraft:iron_helmet":1,"minecraft:feather":5,"minecraft:honeycomb":5,"minecraft:flint":6,"minecraft:cobweb":3,"minecraft:torch":2,"minecraft:mutton":3,"minecraft:wooden_sword":1,"minecraft:iron_pickaxe":2,"minecraft:bone":2,"minecraft:oak_trapdoor":10,"minecraft:birch_sapling":2,"minecraft:raw_iron":2,"gravestones:gravestone":11,"minecraft:potato":3,"minecraft:gunpowder":9,"minecraft:andesite":4,"minecraft:spruce_slab":4},"minecraft:custom":{"minecraft:mob_kills":15,"minecraft:interact_with_crafting_table":14,"minecraft:open_barrel":5,"minecraft:leave_game":7,"minecraft:time_since_death":21072,"minecraft:climb_one_cm":1831,"minecraft:sprint_one_cm":161463,"minecraft:walk_one_cm":101832,"minecraft:drop":30,"minecraft:play_time":148664,"minecraft:deaths":16,"minecraft:sneak_time":5105,"minecraft:walk_under_water_one_cm":37296,"minecraft:boat_one_cm":79443,"minecraft:jump":1597,"minecraft:walk_on_water_one_cm":70455,"minecraft:total_world_time":148664,"minecraft:interact_with_furnace":4,"minecraft:time_since_rest":21110,"minecraft:damage_taken":4851,"minecraft:damage_dealt":2943,"minecraft:fly_one_cm":473953,"minecraft:swim_one_cm":43484,"minecraft:player_kills":3,"minecraft:open_chest":3,"minecraft:crouch_one_cm":14728,"minecraft:fall_one_cm":59174},"minecraft:picked_up":{"minecraft:crafting_table":2,"minecraft:wheat":3,"minecraft:wooden_pickaxe":1,"minecraft:oak_trapdoor":30,"minecraft:string":4,"minecraft:wooden_sword":1,"minecraft:flint_and_steel":2,"minecraft:pufferfish":1,"minecraft:blackstone":44,"minecraft:spruce_planks":42,"minecraft:beef":10,"minecraft:player_head":1,"minecraft:iron_pickaxe":1,"minecraft:spruce_slab":12,"minecraft:sugar_cane":13,"minecraft:melon_slice":31,"minecraft:coal_block":5,"minecraft:birch_sapling":2,"minecraft:furnace":1,"minecraft:stick":5,"minecraft:raw_iron":29,"minecraft:big_dripleaf":2,"minecraft:oak_fence":9,"minecraft:torch":1,"minecraft:spruce_stairs":32,"minecraft:porkchop":5,"minecraft:redstone":23,"minecraft:dark_oak_planks":4,"minecraft:tnt":2,"minecraft:cooked_cod":1,"minecraft:arrow":5,"minecraft:rotten_flesh":2,"minecraft:tropical_fish":1,"gravestones:gravestone":29,"minecraft:mutton":7,"minecraft:obsidian":3,"minecraft:iron_bars":5,"minecraft:white_wool":1,"minecraft:cobblestone":28,"minecraft:birch_log":4,"minecraft:magma_block":1,"minecraft:feather":10,"minecraft:andesite":4,"minecraft:leather":8,"minecraft:potato":3,"minecraft:flint":6,"minecraft:tuff":2,"minecraft:oak_log":13,"minecraft:lily_pad":1,"minecraft:gunpowder":32,"minecraft:lapis_lazuli":6,"naturalist:bass":1,"minecraft:bone":6,"minecraft:wheat_seeds":5,"minecraft:spruce_wood":5,"minecraft:iron_ingot":3,"minecraft:cobweb":3,"minecraft:iron_sword":3,"minecraft:honeycomb":5,"minecraft:dark_oak_stairs":37,"minecraft:dark_oak_slab":48,"minecraft:spruce_log":2,"minecraft:spider_eye":1,"minecraft:barrel":4,"minecraft:slime_ball":3,"minecraft:diamond":23,"minecraft:black_concrete":1,"waystones:waystone":1,"minecraft:iron_helmet":1,"minecraft:bread":6,"minecraft:coal":9},"minecraft:killed":{"minecraft:spider":3,"naturalist:boar":2,"minecraft:drowned":1,"minecraft:sheep":1,"minecraft:zombie":1,"minecraft:player":2,"minecraft:cow":5},"minecraft:used":{"minecraft:netherite_sword":5,"minecraft:flint_and_steel":1,"minecraft:spruce_slab":2,"minecraft:spruce_planks":1,"minecraft:iron_sword":43,"minecraft:torch":1,"minecraft:spruce_stairs":9,"minecraft:tuff":2,"minecraft:spruce_boat":1,"gravestones:gravestone":10,"minecraft:dark_oak_slab":1,"minecraft:barrel":2,"minecraft:beef":7,"minecraft:furnace":1,"minecraft:stone_pickaxe":24,"minecraft:oak_planks":15,"minecraft:blackstone":13,"minecraft:wooden_pickaxe":22,"minecraft:crafting_table":5,"minecraft:oak_log":1,"minecraft:diamond_pickaxe":81,"minecraft:melon_slice":4,"minecraft:bread":7,"minecraft:iron_pickaxe":12,"minecraft:stone_axe":14,"minecraft:wooden_sword":18,"minecraft:porkchop":1},"minecraft:crafted":{"minecraft:wooden_sword":1,"minecraft:oak_planks":36,"minecraft:furnace":1,"minecraft:stone_pickaxe":1,"minecraft:spruce_boat":1,"minecraft:crafting_table":4,"minecraft:spruce_planks":8,"minecraft:wooden_pickaxe":1,"minecraft:birch_planks":8,"minecraft:stone_axe":1,"minecraft:bread":1,"minecraft:air":0,"minecraft:diamond_pickaxe":1,"minecraft:stick":16,"minecraft:iron_pickaxe":1,"minecraft:iron_ingot":7,"minecraft:torch":4}},"DataVersion":3465}