{"stats":{"minecraft:mined":{"minecraft:tuff":7,"minecraft:spruce_planks":2,"minecraft:deepslate_diamond_ore":35,"minecraft:obsidian":3,"minecraft:grass_block":2,"minecraft:redstone_wire":4,"minecraft:spruce_leaves":11,"minecraft:moss_block":2,"minecraft:spawner":2,"minecraft:large_fern":4,"minecraft:raw_iron_block":2,"minecraft:iron_ore":19,"minecraft:andesite":1,"minecraft:deepslate_lapis_ore":9,"minecraft:bookshelf":11,"minecraft:skeleton_wall_skull":1,"minecraft:cave_vines":1,"minecraft:deepslate_iron_ore":10,"minecraft:light_gray_concrete":2,"minecraft:azalea":1,"minecraft:stone":138,"minecraft:stripped_mangrove_wood":1,"minecraft:spruce_slab":6,"minecraft:tripwire":1,"minecraft:mangrove_stairs":1,"minecraft:brown_mushroom":2,"minecraft:crafting_table":1,"minecraft:clay":13,"minecraft:torch":11,"minecraft:calcite":1,"minecraft:glass":3,"minecraft:cobblestone":3,"minecraft:tall_grass":4,"minecraft:wall_torch":4,"minecraft:gray_wool":16,"minecraft:jukebox":1,"minecraft:spruce_log":4,"minecraft:grass":7,"minecraft:coal_ore":18,"minecraft:oak_log":31,"minecraft:gravel":2,"minecraft:smooth_quartz":2,"minecraft:dirt":16,"minecraft:tripwire_hook":1,"minecraft:netherrack":1,"minecraft:piston":1,"minecraft:deepslate":54},"minecraft:killed":{"minecraft:cave_spider":1,"naturalist:boar":3,"naturalist:snail":2,"minecraft:skeleton":27,"minecraft:chicken":5,"naturalist:bass":5,"minecraft:salmon":3,"naturalist:lizard_tail":1,"minecraft:sheep":2,"minecraft:zombie":7},"minecraft:dropped":{"naturalist:snail_shell":1,"minecraft:wheat_seeds":4,"minecraft:oak_log":8,"minecraft:diamond":4,"minecraft:feather":6,"minecraft:leather":1,"minecraft:tropical_fish":1,"minecraft:stick":1,"minecraft:ink_sac":2,"minecraft:mutton":1,"minecraft:spruce_sapling":1,"minecraft:tuff":1,"minecraft:diamond_pickaxe":1,"minecraft:spruce_slab":2,"minecraft:slime_ball":1,"minecraft:stone_pickaxe":2},"minecraft:crafted":{"minecraft:oak_planks":72,"minecraft:golden_chestplate":1,"minecraft:cooked_chicken":3,"minecraft:furnace":1,"naturalist:cooked_bass":5,"minecraft:flint_and_steel":1,"minecraft:stone_pickaxe":1,"minecraft:chest":1,"minecraft:golden_sword":1,"minecraft:golden_boots":1,"minecraft:crafting_table":3,"minecraft:spruce_planks":16,"minecraft:iron_sword":1,"minecraft:golden_pickaxe":1,"minecraft:air":0,"minecraft:diamond_pickaxe":1,"minecraft:shield":1,"minecraft:stick":16,"minecraft:iron_pickaxe":1,"minecraft:iron_ingot":27,"minecraft:iron_leggings":1,"minecraft:torch":4},"minecraft:used":{"minecraft:moss_block":1,"minecraft:flint_and_steel":1,"minecraft:spruce_slab":2,"minecraft:redstone":2,"minecraft:chest":2,"minecraft:spruce_planks":13,"minecraft:shield":4,"minecraft:stone":1,"minecraft:iron_sword":279,"minecraft:sandstone_wall":1,"minecraft:cooked_chicken":3,"minecraft:rotten_flesh":10,"minecraft:torch":18,"minecraft:mutton":3,"minecraft:golden_shovel":14,"naturalist:cooked_bass":5,"minecraft:tuff":6,"minecraft:golden_chestplate":2,"minecraft:obsidian":2,"minecraft:mangrove_stairs":1,"minecraft:polished_andesite_stairs":1,"minecraft:smooth_quartz":1,"minecraft:stone_bricks":1,"minecraft:golden_sword":33,"minecraft:furnace":1,"minecraft:skeleton_skull":1,"minecraft:cobbled_deepslate":46,"minecraft:golden_axe":54,"minecraft:calcite":1,"minecraft:golden_boots":1,"minecraft:stone_pickaxe":39,"minecraft:oak_planks":44,"minecraft:brown_mushroom":2,"minecraft:salmon":3,"minecraft:glow_berries":25,"minecraft:stripped_mangrove_wood":1,"minecraft:crafting_table":3,"minecraft:redstone_torch":1,"minecraft:piston":7,"minecraft:diamond_pickaxe":170,"minecraft:light_gray_concrete":3,"minecraft:bread":3,"minecraft:iron_pickaxe":86,"minecraft:gravel":2,"minecraft:wooden_sword":38,"minecraft:cobblestone":43,"minecraft:porkchop":6,"minecraft:cooked_porkchop":2,"minecraft:andesite":1,"minecraft:gray_wool":13,"minecraft:golden_pickaxe":34},"minecraft:killed_by":{"minecraft:husk":3,"minecraft:player":2,"minecraft:skeleton":2},"minecraft:picked_up":{"minecraft:crafting_table":1,"minecraft:chicken":5,"minecraft:clay_ball":52,"minecraft:brown_mushroom":2,"minecraft:golden_shovel":1,"minecraft:string":2,"minecraft:wooden_sword":1,"minecraft:cobbled_deepslate":56,"minecraft:spruce_planks":2,"minecraft:redstone_torch":1,"minecraft:calcite":1,"minecraft:smooth_quartz":1,"minecraft:spruce_slab":7,"minecraft:chest":1,"minecraft:piston":2,"minecraft:stick":1,"minecraft:raw_iron":29,"minecraft:stripped_mangrove_wood":1,"minecraft:jukebox":1,"minecraft:torch":16,"minecraft:fire_charge":1,"minecraft:porkchop":6,"minecraft:golden_axe":1,"minecraft:redstone":3,"minecraft:arrow":13,"minecraft:mangrove_stairs":1,"minecraft:rotten_flesh":10,"minecraft:tropical_fish":1,"minecraft:glow_berries":24,"minecraft:mutton":4,"minecraft:obsidian":4,"minecraft:skeleton_skull":1,"minecraft:white_wool":2,"minecraft:cobblestone":140,"minecraft:feather":6,"minecraft:andesite":1,"minecraft:tripwire_hook":1,"minecraft:salmon":3,"minecraft:leather":2,"minecraft:flint":5,"minecraft:tuff":7,"minecraft:oak_log":32,"minecraft:lapis_lazuli":49,"minecraft:dirt":18,"naturalist:bass":5,"minecraft:bone":18,"minecraft:stone_bricks":1,"minecraft:wheat_seeds":4,"minecraft:stone_pickaxe":1,"minecraft:moss_block":1,"naturalist:snail_shell":1,"minecraft:oak_planks":1,"minecraft:book":33,"minecraft:cooked_porkchop":2,"minecraft:raw_iron_block":2,"minecraft:gravel":2,"minecraft:spruce_sapling":1,"minecraft:ink_sac":2,"minecraft:spruce_log":4,"minecraft:crying_obsidian":1,"minecraft:light_gray_concrete":3,"minecraft:slime_ball":1,"minecraft:diamond":35,"minecraft:gray_wool":15,"minecraft:golden_horse_armor":1,"minecraft:coal":18,"minecraft:diamond_pickaxe":1},"minecraft:custom":{"minecraft:mob_kills":57,"minecraft:interact_with_crafting_table":26,"minecraft:open_barrel":17,"minecraft:eat_cake_slice":3,"minecraft:leave_game":4,"minecraft:time_since_death":8233,"minecraft:climb_one_cm":8900,"minecraft:sprint_one_cm":241566,"minecraft:walk_one_cm":166585,"minecraft:damage_blocked_by_shield":115,"minecraft:drop":24,"minecraft:play_noteblock":3,"minecraft:play_time":115517,"minecraft:sneak_time":16517,"minecraft:deaths":11,"minecraft:walk_under_water_one_cm":6941,"minecraft:jump":2511,"minecraft:walk_on_water_one_cm":15821,"minecraft:total_world_time":115656,"minecraft:interact_with_furnace":27,"minecraft:sleep_in_bed":1,"minecraft:time_since_rest":8255,"minecraft:waystone_activated":1,"minecraft:damage_taken":4739,"minecraft:damage_dealt":10685,"minecraft:swim_one_cm":13886,"minecraft:fly_one_cm":551117,"minecraft:player_kills":1,"minecraft:open_chest":23,"minecraft:crouch_one_cm":46893,"minecraft:fall_one_cm":101517,"minecraft:inspect_dispenser":1},"minecraft:broken":{"minecraft:golden_sword":1,"minecraft:golden_axe":1,"minecraft:golden_pickaxe":1}},"DataVersion":3465}