{"stats":{"minecraft:dropped":{"minecraft:wheat_seeds":1},"minecraft:custom":{"minecraft:jump":60,"minecraft:time_since_rest":2345,"minecraft:leave_game":1,"minecraft:sprint_one_cm":29745,"minecraft:play_time":2345,"minecraft:walk_on_water_one_cm":9527,"minecraft:time_since_death":2345,"minecraft:walk_one_cm":485,"minecraft:climb_one_cm":3,"minecraft:total_world_time":2345,"minecraft:walk_under_water_one_cm":691,"minecraft:swim_one_cm":6162,"minecraft:drop":1,"minecraft:fall_one_cm":233,"minecraft:fly_one_cm":26},"minecraft:picked_up":{"minecraft:wheat_seeds":1},"minecraft:mined":{"minecraft:grass":9,"minecraft:oak_leaves":1}},"DataVersion":3465}