{"stats":{"minecraft:custom":{"minecraft:jump":64,"minecraft:time_since_rest":4308,"minecraft:leave_game":3,"minecraft:sprint_one_cm":29842,"minecraft:play_time":4308,"minecraft:time_since_death":4308,"minecraft:walk_on_water_one_cm":10318,"minecraft:walk_one_cm":507,"minecraft:total_world_time":4308,"minecraft:climb_one_cm":3,"minecraft:walk_under_water_one_cm":691,"minecraft:swim_one_cm":6162,"minecraft:drop":1,"minecraft:fall_one_cm":233,"minecraft:fly_one_cm":152},"minecraft:dropped":{"minecraft:wheat_seeds":1},"minecraft:picked_up":{"minecraft:wheat_seeds":1},"minecraft:mined":{"minecraft:grass":9,"minecraft:oak_leaves":1}},"DataVersion":3465}