{"stats":{"minecraft:mined":{"minecraft:tuff":2,"minecraft:deepslate_diamond_ore":19,"minecraft:obsidian":3,"minecraft:grass_block":1,"minecraft:spawner":1,"minecraft:magma_block":2,"ad_astra:moon_cheese_ore":2,"minecraft:furnace":1,"minecraft:fire":18,"minecraft:barrel":1,"minecraft:andesite":4,"minecraft:deepslate_iron_ore":23,"minecraft:stone":22,"minecraft:deepslate_redstone_ore":2,"gravestones:gravestone":10,"minecraft:blackstone":47,"ad_astra:moon_sand":5,"minecraft:crafting_table":2,"minecraft:melon":2,"minecraft:glass":2,"minecraft:tall_grass":34,"minecraft:cobblestone":4,"ad_astra:iron_pillar":2,"minecraft:lily_pad":1,"minecraft:sugar_cane":5,"minecraft:dark_oak_slab":1,"minecraft:birch_log":4,"minecraft:spruce_log":2,"minecraft:birch_leaves":2,"minecraft:grass":56,"ad_astra:moon_stone":4,"minecraft:oak_log":10,"minecraft:coal_ore":2,"minecraft:oak_leaves":4,"minecraft:fern":5},"minecraft:killed":{"betternether:skull":3,"minecraft:spider":3,"minecraft:cod":7,"minecraft:pufferfish":2,"endermanoverhaul:crimson_forest_enderman":2,"naturalist:boar":2,"endermanoverhaul:scarab":1,"minecraft:skeleton":1,"minecraft:drowned":1,"minecraft:tropical_fish":8,"betternether:naga":3,"betternether:hydrogen_jellyfish":1,"mythicmounts:nudibranch":1,"minecraft:pig":2,"endermanoverhaul:end_enderman":3,"ad_astra:lunarian":10,"betternether:flying_pig":1,"minecraft:sheep":3,"endermanoverhaul:cave_enderman":1,"betternether:jungle_skeleton":2,"minecraft:zombie":2,"minecraft:player":5,"minecraft:cow":5},"minecraft:used":{"minecraft:netherite_sword":5,"minecraft:flint_and_steel":4,"minecraft:spruce_slab":2,"ad_astra:moon_cobblestone":3,"betternether:flaming_ruby_pickaxe":8,"minecraft:spruce_planks":1,"minecraft:tinted_glass":34,"minecraft:stone":84,"minecraft:iron_sword":51,"minecraft:bell":3,"minecraft:torch":1,"ad_astra:cheese":2,"ad_astra:corrupted_lunarian_spawn_egg":1,"another_furniture:oak_bench":4,"ad_astra:tier_1_rover":2,"minecraft:spruce_stairs":9,"ad_astra:tier_4_rocket":4,"ad_astra:tier_1_rocket":3,"betternether:flaming_ruby_sword":136,"minecraft:tuff":2,"endermanoverhaul:badlands_enderman_spawn_egg":1,"minecraft:spruce_boat":1,"mutantmonsters:mutant_creeper_spawn_egg":1,"minecraft:grass_block":27,"gravestones:gravestone":10,"mutantmonsters:creeper_shard":2,"mutantmonsters:mutant_enderman_spawn_egg":1,"endermanoverhaul:end_enderman_spawn_egg":9,"minecraft:dark_oak_slab":1,"minecraft:barrel":2,"another_furniture:red_stool":1,"minecraft:beef":7,"mutantmonsters:hulk_hammer":16,"minecraft:furnace":1,"betternether:spawn_egg_firefly":1,"betternether:flaming_ruby_axe":2,"minecraft:enchanted_golden_apple":33,"endermanoverhaul:crimson_forest_enderman_spawn_egg":1,"endermanoverhaul:cave_enderman_spawn_egg":1,"minecraft:stone_pickaxe":24,"minecraft:ender_pearl":1,"minecraft:oak_planks":15,"minecraft:blackstone":13,"mutantmonsters:endersoul_hand":20,"minecraft:wooden_pickaxe":22,"creeperoverhaul:desert_creeper_spawn_egg":1,"creeperoverhaul:bamboo_creeper_spawn_egg":1,"endermanoverhaul:crimson_pearl":3,"minecraft:glow_item_frame":2,"minecraft:tnt":37,"minecraft:crafting_table":5,"minecraft:painting":15,"mythicmounts:griffon_spawn_egg":6,"betternether:flaming_ruby_shovel":7,"minecraft:creeper_spawn_egg":88,"minecraft:oak_log":1,"ad_astra:nasa_workbench":2,"minecraft:diamond_pickaxe":81,"ad_astra:moon_sand":4,"endermanoverhaul:desert_enderman_spawn_egg":1,"minecraft:melon_slice":4,"minecraft:bread":7,"minecraft:iron_pickaxe":12,"minecraft:oak_pressure_plate":1,"minecraft:gravel":26,"ad_astra:launch_pad":6,"mythicmounts:nudibranch_spawn_egg":4,"minecraft:stone_axe":14,"mutantmonsters:mutant_zombie_spawn_egg":16,"minecraft:wooden_sword":34,"endermanoverhaul:corrupted_pearl":1,"endermanoverhaul:corrupted_blade":43,"minecraft:porkchop":5,"minecraft:splash_potion":42},"minecraft:crafted":{"minecraft:wooden_sword":1,"minecraft:oak_planks":36,"minecraft:furnace":1,"minecraft:stone_pickaxe":1,"minecraft:spruce_boat":1,"minecraft:crafting_table":4,"minecraft:spruce_planks":8,"minecraft:wooden_pickaxe":1,"minecraft:birch_planks":8,"minecraft:stone_axe":1,"minecraft:bread":1,"minecraft:air":0,"minecraft:diamond_pickaxe":1,"minecraft:stick":16,"minecraft:iron_pickaxe":1,"minecraft:iron_ingot":7,"minecraft:torch":4},"minecraft:dropped":{"minecraft:iron_ingot":2,"minecraft:iron_sword":2,"minecraft:dark_oak_stairs":11,"minecraft:wheat_seeds":4,"minecraft:lapis_lazuli":6,"endermanoverhaul:crimson_forest_enderman_spawn_egg":64,"minecraft:diamond":20,"minecraft:crafting_table":1,"minecraft:dark_oak_slab":1,"ad_astra:space_pants":5,"minecraft:oak_fence":3,"minecraft:feather":5,"minecraft:iron_helmet":1,"minecraft:cobblestone":9,"ad_astra:space_boots":6,"mutantmonsters:creeper_shard":1,"minecraft:leather":8,"minecraft:honeycomb":5,"minecraft:leather_helmet":1,"betternether:flaming_ruby_sword":1,"minecraft:tropical_fish":1,"minecraft:coal":6,"minecraft:stick":4,"minecraft:pufferfish":1,"minecraft:flint":6,"betternether:flaming_ruby_leggings":1,"minecraft:cobweb":3,"minecraft:dirt":2,"ad_astra:cheese":3,"ad_astra:gas_tank":1,"minecraft:torch":2,"naturalist:bass":1,"endermanoverhaul:crimson_pearl":1,"minecraft:mutton":3,"betternether:nether_ruby_sword":1,"naturalist:catfish":1,"minecraft:wooden_sword":1,"minecraft:iron_pickaxe":2,"minecraft:string":4,"betternether:flaming_ruby_axe":1,"minecraft:white_wool":3,"minecraft:bone":7,"betternether:flaming_ruby_helmet":1,"minecraft:furnace":1,"minecraft:oak_trapdoor":10,"mutantmonsters:endersoul_hand":2,"minecraft:birch_sapling":2,"betternether:flaming_ruby_chestplate":1,"minecraft:obsidian":3,"minecraft:raw_iron":2,"minecraft:enchanted_golden_apple":64,"gravestones:gravestone":11,"betternether:nether_ruby_pickaxe":1,"betternether:flaming_ruby_boots":1,"patchouli:guide_book":2,"minecraft:flint_and_steel":1,"minecraft:potato":3,"minecraft:stone":25,"minecraft:gunpowder":9,"endermanoverhaul:cave_enderman_spawn_egg":64,"minecraft:diamond_pickaxe":1,"ad_astra:space_suit":5,"minecraft:andesite":4,"minecraft:leather_boots":2,"minecraft:leather_leggings":1,"ad_astra:large_gas_tank":1,"minecraft:spider_eye":1,"minecraft:slime_ball":3,"minecraft:spruce_slab":4,"endermanoverhaul:desert_enderman_spawn_egg":64,"betternether:flaming_ruby_pickaxe":1,"minecraft:magma_block":1,"ad_astra:space_helmet":5},"minecraft:killed_by":{"minecraft:player":1,"minecraft:spider":1,"minecraft:drowned":2,"minecraft:skeleton":8,"naturalist:bear":1},"minecraft:picked_up":{"ad_astra:space_suit":3,"minecraft:mud":2,"minecraft:coarse_dirt":1,"minecraft:crafting_table":2,"minecraft:wheat":3,"minecraft:wooden_pickaxe":1,"ad_astra:tier_1_rover":1,"minecraft:oak_trapdoor":30,"minecraft:string":4,"minecraft:wooden_sword":1,"minecraft:flint_and_steel":2,"minecraft:pufferfish":1,"minecraft:blackstone":44,"ad_astra:iron_pillar":1,"ad_astra:moon_cobblestone":3,"minecraft:spruce_planks":42,"minecraft:beef":10,"betternether:spawn_egg_skull":1,"creeperoverhaul:bamboo_creeper_spawn_egg":1,"minecraft:player_head":1,"minecraft:iron_pickaxe":1,"minecraft:spruce_slab":12,"naturalist:catfish":1,"minecraft:sugar_cane":13,"minecraft:melon_slice":31,"minecraft:coal_block":5,"minecraft:birch_sapling":2,"minecraft:furnace":1,"betternether:flaming_ruby_helmet":1,"minecraft:stick":7,"minecraft:raw_iron":33,"minecraft:stone":28,"minecraft:big_dripleaf":2,"minecraft:oak_fence":9,"minecraft:torch":1,"minecraft:acacia_log":8,"minecraft:spruce_stairs":32,"minecraft:porkchop":10,"minecraft:redstone":23,"betternether:spawn_egg_flying_pig":1,"ad_astra:space_boots":4,"minecraft:dark_oak_planks":4,"minecraft:tnt":2,"betternether:spawn_egg_firefly":1,"minecraft:arrow":8,"minecraft:rotten_flesh":2,"minecraft:cooked_cod":1,"minecraft:tropical_fish":1,"gravestones:gravestone":29,"minecraft:mutton":11,"minecraft:obsidian":3,"minecraft:iron_bars":5,"minecraft:white_wool":3,"minecraft:cobblestone":53,"minecraft:birch_log":4,"minecraft:magma_block":1,"minecraft:feather":10,"minecraft:andesite":4,"endermanoverhaul:corrupted_pearl":1,"minecraft:leather":8,"minecraft:potato":3,"betternether:spawn_egg_naga":1,"minecraft:flint":6,"minecraft:crimson_fungus":3,"minecraft:tuff":2,"minecraft:oak_log":13,"minecraft:lily_pad":1,"minecraft:gunpowder":32,"betternether:flaming_ruby_boots":1,"minecraft:lapis_lazuli":6,"minecraft:dirt":338,"naturalist:bass":2,"minecraft:bone":16,"minecraft:bow":1,"minecraft:wheat_seeds":19,"ad_astra:launch_pad":33,"minecraft:iron_ore":1,"betternether:flaming_ruby_chestplate":1,"minecraft:spruce_wood":5,"minecraft:iron_ingot":3,"minecraft:cobweb":3,"betternether:spawn_egg_jungle_skeleton":1,"minecraft:glowstone_dust":2,"minecraft:acacia_sapling":5,"minecraft:iron_sword":3,"minecraft:honeycomb":5,"minecraft:dark_oak_stairs":37,"endermanoverhaul:crimson_forest_enderman_spawn_egg":57,"minecraft:dark_oak_slab":48,"ad_astra:cheese":2,"ad_astra:moon_sand":4,"minecraft:dripstone_block":1,"creeperoverhaul:jungle_creeper_spawn_egg":1,"betternether:spawn_egg_hydrogen_jellyfish":1,"ad_astra:space_pants":3,"ad_astra:space_helmet":3,"minecraft:spruce_log":2,"minecraft:spider_eye":1,"minecraft:barrel":4,"betternether:flaming_ruby_leggings":1,"minecraft:slime_ball":3,"minecraft:diamond":23,"minecraft:black_concrete":1,"mutantmonsters:endersoul_hand":1,"endermanoverhaul:crimson_pearl":1,"waystones:waystone":1,"minecraft:iron_helmet":1,"minecraft:bread":6,"minecraft:chorus_fruit":3,"creeperoverhaul:desert_creeper_spawn_egg":1,"minecraft:coal":17,"minecraft:ender_pearl":1},"minecraft:custom":{"minecraft:mob_kills":70,"minecraft:interact_with_crafting_table":14,"minecraft:open_barrel":5,"minecraft:bell_ring":40,"minecraft:leave_game":10,"minecraft:time_since_death":17666,"minecraft:damage_resisted":1696,"minecraft:climb_one_cm":6762,"minecraft:sprint_one_cm":233738,"minecraft:walk_one_cm":180070,"minecraft:drop":107,"minecraft:talked_to_villager":3,"minecraft:play_time":281007,"minecraft:deaths":20,"minecraft:sneak_time":6644,"minecraft:walk_under_water_one_cm":41504,"minecraft:boat_one_cm":79443,"minecraft:jump":2742,"minecraft:walk_on_water_one_cm":75691,"minecraft:total_world_time":281007,"minecraft:interact_with_furnace":4,"minecraft:time_since_rest":17702,"minecraft:damage_absorbed":2826,"minecraft:damage_taken":8051,"minecraft:damage_dealt":10630,"minecraft:fly_one_cm":795570,"minecraft:swim_one_cm":43879,"minecraft:player_kills":6,"minecraft:open_chest":10,"minecraft:crouch_one_cm":15721,"minecraft:fall_one_cm":144199}},"DataVersion":3465}